{
  "ABIRoot": {
    "kind": "Root",
    "name": "TopLevel",
    "printedName": "TopLevel",
    "children": [
      {
        "kind": "Import",
        "name": "Foundation",
        "printedName": "Foundation",
        "declKind": "Import",
        "moduleName": "CoreOne",
        "declAttributes": [
          "RawDocComment"
        ]
      },
      {
        "kind": "TypeDecl",
        "name": "SwiftOne",
        "printedName": "SwiftOne",
        "children": [
          {
            "kind": "Constructor",
            "name": "init",
            "printedName": "init()",
            "children": [
              {
                "kind": "TypeNominal",
                "name": "SwiftOne",
                "printedName": "CoreOne.SwiftOne",
                "usr": "s:7CoreOne05SwiftB0C"
              }
            ],
            "declKind": "Constructor",
            "usr": "s:7CoreOne05SwiftB0CACycfc",
            "mangledName": "$s7CoreOne05SwiftB0CACycfc",
            "moduleName": "CoreOne",
            "declAttributes": [
              "AccessControl"
            ],
            "init_kind": "Designated"
          },
          {
            "kind": "Function",
            "name": "hello",
            "printedName": "hello()",
            "children": [
              {
                "kind": "TypeNominal",
                "name": "String",
                "printedName": "Swift.String",
                "usr": "s:SS"
              }
            ],
            "declKind": "Func",
            "usr": "s:7CoreOne05SwiftB0C5helloSSyF",
            "mangledName": "$s7CoreOne05SwiftB0C5helloSSyF",
            "moduleName": "CoreOne",
            "declAttributes": [
              "AccessControl"
            ],
            "funcSelfKind": "NonMutating"
          },
          {
            "kind": "Function",
            "name": "helloWrapper",
            "printedName": "helloWrapper()",
            "children": [
              {
                "kind": "TypeNominal",
                "name": "String",
                "printedName": "Swift.String",
                "usr": "s:SS"
              }
            ],
            "declKind": "Func",
            "usr": "s:7CoreOne05SwiftB0C12helloWrapperSSyF",
            "mangledName": "$s7CoreOne05SwiftB0C12helloWrapperSSyF",
            "moduleName": "CoreOne",
            "declAttributes": [
              "AccessControl"
            ],
            "funcSelfKind": "NonMutating"
          }
        ],
        "declKind": "Class",
        "usr": "s:7CoreOne05SwiftB0C",
        "mangledName": "$s7CoreOne05SwiftB0C",
        "moduleName": "CoreOne",
        "declAttributes": [
          "AccessControl"
        ]
      }
    ],
    "json_format_version": 8
  },
  "ConstValues": []
}